statement_id_i,statement_id_j,preferred_statement_id
0,1,0
0,2,0
0,3,0
0,4,0
0,5,0
0,6,0
0,7,0
0,8,0
0,9,0
0,10,0
0,61,0
0,62,0
0,63,0
0,64,0
0,65,0
0,66,0
0,67,0
0,68,0
0,69,0
0,70,0
0,41,0
0,42,0
0,43,0
0,44,0
0,45,0
0,46,0
0,47,0
0,48,0
0,49,0
0,50,0
0,11,0
0,12,0
0,13,0
0,14,0
0,15,0
0,16,0
0,17,0
0,18,0
0,19,0
0,20,0
1,13,1
1,14,1
1,15,1
1,16,1
1,17,1
1,18,1
1,19,1
1,20,1
1,21,1
1,22,1
1,33,33
1,34,34
1,35,35
1,36,1
1,37,1
1,38,38
1,39,39
1,40,1
1,41,1
1,42,1
2,86,2
2,87,2
2,88,2
2,89,2
2,90,2
2,91,2
2,92,2
2,93,2
2,94,2
2,95,2
2,36,2
2,37,2
2,38,2
2,39,2
2,40,2
2,41,2
2,42,2
2,43,2
2,44,2
2,45,2
3,30,3
3,31,3
3,32,3
3,33,3
3,34,3
3,35,3
3,36,3
3,37,3
3,38,3
3,39,3
1,73,73
1,74,1
1,75,75
1,76,1
1,77,1
1,78,78
1,79,79
1,80,1
1,81,1
1,82,82
3,10,3
3,11,3
3,12,3
3,13,3
3,14,3
3,15,3
3,16,3
3,17,3
3,18,3
3,19,3
3,90,3
3,91,3
3,92,3
3,93,3
3,94,3
3,95,3
3,96,3
3,97,3
3,98,3
3,99,3
1,3,1
1,4,1
1,5,1
1,6,1
1,7,1
1,8,1
1,9,1
1,10,1
1,11,1
1,12,1
0,51,0
0,52,0
0,53,0
0,54,0
0,55,0
0,56,0
0,57,0
0,58,0
0,59,0
0,60,0
0,71,0
0,72,0
0,73,0
0,74,0
0,75,0
0,76,0
0,77,0
0,78,0
0,79,0
0,80,0
0,31,0
0,32,0
0,33,0
0,34,0
0,35,0
0,36,0
0,37,0
0,38,0
0,39,0
0,40,0
2,26,2
2,27,2
2,28,2
2,29,2
2,30,2
2,31,2
2,32,2
2,33,2
2,34,2
2,35,2
1,23,23
1,24,24
1,25,1
1,26,26
1,27,1
1,28,1
1,29,29
1,30,1
1,31,1
1,32,32
3,80,3
3,81,3
3,82,3
3,83,3
3,84,3
3,85,3
3,86,3
3,87,3
3,88,3
3,89,3
2,16,2
2,17,2
2,18,2
2,19,2
2,20,2
2,21,2
2,22,2
2,23,2
2,24,2
2,25,2
1,63,1
1,64,64
1,65,65
1,66,66
1,67,67
1,68,68
1,69,69
1,70,70
1,71,71
1,72,72
2,6,2
2,7,2
2,8,2
2,9,2
2,10,2
2,11,2
2,12,2
2,13,2
2,14,2
2,15,2
0,91,0
0,92,0
0,93,0
0,94,0
0,95,0
0,96,0
0,97,0
0,98,0
0,99,0
1,2,1
3,40,3
3,41,3
3,42,3
3,43,3
3,44,3
3,45,3
3,46,3
3,47,3
3,48,3
3,49,3
0,21,0
0,22,22
0,23,23
0,24,24
0,25,0
0,26,26
0,27,0
0,28,0
0,29,29
0,30,0
2,96,2
2,97,2
2,98,2
2,99,2
3,4,3
3,5,3
3,6,3
3,7,3
3,8,3
3,9,3
2,66,2
2,67,2
2,68,2
2,69,2
2,70,2
2,71,2
2,72,2
2,73,2
2,74,2
2,75,2
3,50,3
3,51,3
3,52,3
3,53,3
3,54,3
3,55,3
3,56,3
3,57,3
3,58,3
3,59,3
2,46,2
2,47,47
2,48,48
2,49,49
2,50,50
2,51,51
2,52,52
2,53,53
2,54,54
2,55,55
6,8,6
6,9,6
6,10,6
6,11,6
6,12,6
6,13,6
6,14,6
6,15,6
6,16,6
6,17,6
0,81,0
0,82,0
0,83,0
0,84,0
0,85,0
0,86,0
0,87,87
0,88,88
0,89,0
0,90,0
1,43,1
1,44,1
1,45,1
1,46,1
1,47,1
1,48,48
1,49,49
1,50,50
1,51,1
1,52,52
2,76,2
2,77,2
2,78,2
2,79,2
2,80,2
2,81,2
2,82,2
2,83,2
2,84,2
2,85,2
6,58,6
6,59,6
6,60,6
6,61,6
6,62,6
6,63,6
6,64,6
6,65,6
6,66,6
6,67,6
3,60,3
3,61,3
3,62,3
3,63,3
3,64,3
3,65,65
3,66,3
3,67,3
3,68,3
3,69,69
9,15,9
9,16,9
9,17,9
9,18,9
9,19,9
9,20,9
9,21,9
9,22,9
9,23,9
9,24,9
6,28,6
6,29,6
6,30,6
6,31,6
6,32,6
6,33,6
6,34,6
6,35,6
6,36,6
6,37,6
1,93,1
1,94,94
1,95,95
1,96,96
1,97,1
1,98,1
1,99,1
2,3,3
2,4,2
2,5,2
4,5,5
4,6,6
4,7,4
4,8,8
4,9,9
4,10,10
4,11,11
4,12,12
4,13,13
4,14,14
1,83,1
1,84,1
1,85,1
1,86,1
1,87,1
1,88,1
1,89,1
1,90,1
1,91,1
1,92,1
3,70,3
3,71,3
3,72,3
3,73,3
3,74,3
3,75,3
3,76,3
3,77,3
3,78,3
3,79,3
5,51,5
5,52,52
5,53,5
5,54,5
5,55,55
5,56,56
5,57,57
5,58,58
5,59,5
5,60,60
5,11,5
5,12,5
5,13,5
5,14,5
5,15,5
5,16,5
5,17,5
5,18,5
5,19,19
5,20,20
6,88,6
6,89,6
6,90,6
6,91,6
6,92,6
6,93,6
6,94,6
6,95,6
6,96,6
6,97,6
8,25,8
8,26,8
8,27,8
8,28,8
8,29,8
8,30,8
8,31,8
8,32,8
8,33,8
8,34,8
8,85,8
8,86,8
8,87,8
8,88,8
8,89,8
8,90,8
8,91,8
8,92,8
8,93,8
8,94,8
7,46,46
7,47,47
7,48,48
7,49,49
7,50,50
7,51,51
7,52,52
7,53,53
7,54,54
7,55,55
8,75,8
8,76,8
8,77,8
8,78,8
8,79,8
8,80,8
8,81,8
8,82,8
8,83,8
8,84,8
3,20,3
3,21,3
3,22,3
3,23,3
3,24,3
3,25,3
3,26,3
3,27,3
3,28,3
3,29,3
5,21,21
5,22,22
5,23,23
5,24,24
5,25,5
5,26,26
5,27,5
5,28,5
5,29,29
5,30,5
10,16,10
10,17,10
10,18,10
10,19,10
10,20,10
10,21,10
10,22,10
10,23,10
10,24,10
10,25,10
4,65,65
4,66,66
4,67,67
4,68,68
4,69,69
4,70,70
4,71,71
4,72,72
4,73,73
4,74,74
4,35,35
4,36,36
4,37,37
4,38,38
4,39,39
4,40,40
4,41,41
4,42,4
4,43,4
4,44,44
10,66,10
10,67,10
10,68,10
10,69,10
10,70,10
10,71,10
10,72,10
10,73,10
10,74,10
10,75,10
6,38,6
6,39,6
6,40,6
6,41,6
6,42,6
6,43,6
6,44,6
6,45,6
6,46,6
6,47,6
6,98,6
6,99,6
7,8,8
7,9,9
7,10,10
7,11,11
7,12,12
7,13,13
7,14,14
7,15,15
8,45,8
8,46,8
8,47,8
8,48,8
8,49,8
8,50,8
8,51,8
8,52,8
8,53,8
8,54,8
5,71,71
5,72,72
5,73,73
5,74,5
5,75,75
5,76,5
5,77,5
5,78,78
5,79,79
5,80,5
4,15,15
4,16,4
4,17,4
4,18,4
4,19,19
4,20,20
4,21,21
4,22,22
4,23,23
4,24,24
6,78,6
6,79,6
6,80,6
6,81,6
6,82,6
6,83,6
6,84,6
6,85,6
6,86,6
6,87,6
4,55,55
4,56,56
4,57,57
4,58,58
4,59,59
4,60,60
4,61,61
4,62,62
4,63,63
4,64,64
5,61,5
5,62,5
5,63,5
5,64,5
5,65,5
5,66,5
5,67,5
5,68,5
5,69,5
5,70,5
5,81,5
5,82,82
5,83,83
5,84,5
5,85,85
5,86,5
5,87,87
5,88,88
5,89,89
5,90,5
1,53,1
1,54,1
1,55,1
1,56,1
1,57,57
1,58,58
1,59,1
1,60,60
1,61,1
1,62,62
2,56,2
2,57,2
2,58,2
2,59,2
2,60,2
2,61,2
2,62,2
2,63,2
2,64,2
2,65,2
8,95,8
8,96,8
8,97,8
8,98,8
8,99,8
9,10,10
9,11,11
9,12,9
9,13,9
9,14,9
7,86,86
7,87,87
7,88,88
7,89,89
7,90,90
7,91,91
7,92,92
7,93,93
7,94,94
7,95,95
11,38,11
11,39,11
11,40,11
11,41,11
11,42,11
11,43,11
11,44,11
11,45,11
11,46,11
11,47,11
6,68,6
6,69,69
6,70,70
6,71,71
6,72,72
6,73,73
6,74,6
6,75,75
6,76,6
6,77,6
4,85,85
4,86,86
4,87,87
4,88,88
4,89,89
4,90,4
4,91,91
4,92,92
4,93,93
4,94,94
9,65,9
9,66,9
9,67,9
9,68,9
9,69,9
9,70,9
9,71,9
9,72,9
9,73,9
9,74,9
8,55,8
8,56,8
8,57,8
8,58,8
8,59,8
8,60,8
8,61,8
8,62,8
8,63,8
8,64,8
12,71,71
12,72,72
12,73,73
12,74,74
12,75,75
12,76,76
12,77,77
12,78,78
12,79,79
12,80,80
10,36,10
10,37,10
10,38,10
10,39,10
10,40,10
10,41,10
10,42,10
10,43,10
10,44,10
10,45,10
6,48,48
6,49,49
6,50,50
6,51,6
6,52,52
6,53,6
6,54,6
6,55,55
6,56,56
6,57,57
9,95,9
9,96,9
9,97,9
9,98,9
9,99,9
10,11,10
10,12,10
10,13,10
10,14,10
10,15,10
10,76,10
10,77,10
10,78,10
10,79,10
10,80,10
10,81,10
10,82,82
10,83,83
10,84,10
10,85,10
6,18,6
6,19,6
6,20,20
6,21,21
6,22,22
6,23,23
6,24,24
6,25,6
6,26,26
6,27,6
5,31,5
5,32,5
5,33,5
5,34,34
5,35,35
5,36,5
5,37,5
5,38,5
5,39,39
5,40,5
8,35,8
8,36,8
8,37,8
8,38,8
8,39,8
8,40,8
8,41,8
8,42,8
8,43,8
8,44,8
10,96,10
10,97,10
10,98,10
10,99,10
11,12,11
11,13,11
11,14,11
11,15,11
11,16,11
11,17,11
4,25,4
4,26,26
4,27,27
4,28,28
4,29,29
4,30,30
4,31,31
4,32,32
4,33,33
4,34,34
11,48,48
11,49,49
11,50,50
11,51,11
11,52,52
11,53,11
11,54,11
11,55,55
11,56,56
11,57,57
4,95,95
4,96,96
4,97,4
4,98,4
4,99,99
5,6,6
5,7,5
5,8,8
5,9,9
5,10,10
8,15,8
8,16,8
8,17,8
8,18,8
8,19,8
8,20,20
8,21,21
8,22,22
8,23,23
8,24,24
7,56,56
7,57,57
7,58,58
7,59,59
7,60,60
7,61,61
7,62,62
7,63,63
7,64,64
7,65,65
11,18,11
11,19,19
11,20,20
11,21,21
11,22,22
11,23,23
11,24,24
11,25,11
11,26,26
11,27,11
12,51,12
12,52,52
12,53,12
12,54,12
12,55,55
12,56,56
12,57,57
12,58,58
12,59,12
12,60,60
13,75,75
13,76,76
13,77,77
13,78,78
13,79,79
13,80,80
13,81,81
13,82,82
13,83,83
13,84,84
5,41,5
5,42,5
5,43,5
5,44,5
5,45,5
5,46,5
5,47,5
5,48,48
5,49,49
5,50,50
11,98,11
11,99,11
12,13,12
12,14,12
12,15,12
12,16,12
12,17,12
12,18,12
12,19,19
12,20,20
15,56,56
15,57,57
15,58,58
15,59,59
15,60,60
15,61,61
15,62,62
15,63,63
15,64,64
15,65,65
12,21,21
12,22,22
12,23,23
12,24,24
12,25,12
12,26,26
12,27,12
12,28,12
12,29,29
12,30,12
5,91,91
5,92,5
5,93,5
5,94,94
5,95,95
5,96,96
5,97,5
5,98,5
5,99,5
6,7,6
10,56,10
10,57,57
10,58,58
10,59,10
10,60,60
10,61,10
10,62,62
10,63,63
10,64,64
10,65,65
11,88,11
11,89,11
11,90,11
11,91,11
11,92,11
11,93,11
11,94,11
11,95,11
11,96,11
11,97,11
11,28,11
11,29,11
11,30,11
11,31,11
11,32,11
11,33,11
11,34,11
11,35,11
11,36,11
11,37,11
14,60,60
14,61,61
14,62,62
14,63,63
14,64,64
14,65,65
14,66,66
14,67,67
14,68,68
14,69,69
10,46,10
10,47,47
10,48,48
10,49,49
10,50,50
10,51,10
10,52,52
10,53,10
10,54,10
10,55,55
11,68,11
11,69,69
11,70,70
11,71,71
11,72,72
11,73,73
11,74,11
11,75,75
11,76,11
11,77,11
10,86,10
10,87,87
10,88,10
10,89,89
10,90,10
10,91,91
10,92,10
10,93,10
10,94,94
10,95,95
9,45,9
9,46,9
9,47,9
9,48,9
9,49,9
9,50,9
9,51,9
9,52,9
9,53,9
9,54,9
7,66,66
7,67,67
7,68,68
7,69,69
7,70,70
7,71,71
7,72,72
7,73,73
7,74,74
7,75,75
13,55,55
13,56,56
13,57,57
13,58,58
13,59,59
13,60,60
13,61,61
13,62,62
13,63,63
13,64,64
17,21,21
17,22,22
17,23,23
17,24,24
17,25,17
17,26,26
17,27,17
17,28,28
17,29,29
17,30,17
16,63,63
16,64,64
16,65,65
16,66,66
16,67,67
16,68,68
16,69,69
16,70,70
16,71,71
16,72,72
12,31,12
12,32,32
12,33,33
12,34,34
12,35,35
12,36,12
12,37,12
12,38,38
12,39,39
12,40,12
7,76,76
7,77,77
7,78,78
7,79,79
7,80,80
7,81,81
7,82,82
7,83,83
7,84,84
7,85,85
8,65,8
8,66,8
8,67,8
8,68,8
8,69,8
8,70,8
8,71,71
8,72,72
8,73,73
8,74,8
15,66,66
15,67,67
15,68,68
15,69,69
15,70,70
15,71,71
15,72,72
15,73,73
15,74,15
15,75,75
9,25,9
9,26,9
9,27,9
9,28,9
9,29,9
9,30,9
9,31,9
9,32,9
9,33,9
9,34,9
18,60,60
18,61,61
18,62,62
18,63,63
18,64,64
18,65,65
18,66,66
18,67,67
18,68,68
18,69,69
12,81,12
12,82,82
12,83,83
12,84,12
12,85,12
12,86,86
12,87,87
12,88,88
12,89,89
12,90,12
11,78,78
11,79,79
11,80,11
11,81,11
11,82,82
11,83,83
11,84,11
11,85,85
11,86,86
11,87,87
10,26,26
10,27,10
10,28,10
10,29,10
10,30,10
10,31,10
10,32,32
10,33,33
10,34,34
10,35,35
7,16,16
7,17,17
7,18,18
7,19,19
7,20,20
7,21,21
7,22,22
7,23,23
7,24,24
7,25,25
14,80,80
14,81,81
14,82,82
14,83,83
14,84,84
14,85,85
14,86,86
14,87,87
14,88,88
14,89,89
9,85,9
9,86,9
9,87,9
9,88,9
9,89,9
9,90,90
9,91,9
9,92,9
9,93,9
9,94,9
17,71,71
17,72,72
17,73,73
17,74,17
17,75,75
17,76,17
17,77,17
17,78,78
17,79,79
17,80,17
7,96,96
7,97,7
7,98,98
7,99,99
8,9,8
8,10,10
8,11,8
8,12,8
8,13,8
8,14,8
13,65,65
13,66,66
13,67,67
13,68,68
13,69,69
13,70,70
13,71,71
13,72,72
13,73,73
13,74,74
20,81,20
20,82,20
20,83,20
20,84,20
20,85,20
20,86,20
20,87,20
20,88,20
20,89,20
20,90,20
9,35,9
9,36,9
9,37,9
9,38,9
9,39,9
9,40,9
9,41,9
9,42,9
9,43,9
9,44,9
4,75,75
4,76,4
4,77,4
4,78,78
4,79,79
4,80,4
4,81,4
4,82,82
4,83,83
4,84,84
20,21,20
20,22,20
20,23,20
20,24,20
20,25,20
20,26,20
20,27,20
20,28,20
20,29,20
20,30,20
21,43,21
21,44,21
21,45,21
21,46,21
21,47,21
21,48,21
21,49,21
21,50,21
21,51,21
21,52,21
19,20,20
19,21,21
19,22,22
19,23,23
19,24,24
19,25,25
19,26,26
19,27,27
19,28,28
19,29,29
23,40,23
23,41,23
23,42,23
23,43,23
23,44,23
23,45,23
23,46,23
23,47,23
23,48,23
23,49,23
11,58,58
11,59,11
11,60,60
11,61,11
11,62,62
11,63,63
11,64,64
11,65,65
11,66,66
11,67,67
23,30,23
23,31,23
23,32,23
23,33,23
23,34,23
23,35,23
23,36,23
23,37,23
23,38,23
23,39,23
17,81,17
17,82,17
17,83,17
17,84,17
17,85,17
17,86,17
17,87,87
17,88,88
17,89,89
17,90,17
20,91,20
20,92,20
20,93,20
20,94,20
20,95,20
20,96,20
20,97,20
20,98,20
20,99,20
21,22,21
4,45,45
4,46,46
4,47,47
4,48,48
4,49,49
4,50,50
4,51,51
4,52,52
4,53,53
4,54,54
18,50,50
18,51,51
18,52,52
18,53,53
18,54,54
18,55,55
18,56,56
18,57,57
18,58,58
18,59,59
13,35,35
13,36,13
13,37,13
13,38,38
13,39,39
13,40,13
13,41,13
13,42,13
13,43,13
13,44,44
21,73,21
21,74,21
21,75,21
21,76,21
21,77,21
21,78,21
21,79,21
21,80,21
21,81,21
21,82,21
7,36,7
7,37,37
7,38,38
7,39,39
7,40,40
7,41,41
7,42,42
7,43,43
7,44,44
7,45,45
9,55,55
9,56,56
9,57,57
9,58,58
9,59,59
9,60,60
9,61,61
9,62,62
9,63,63
9,64,64
17,61,17
17,62,62
17,63,63
17,64,64
17,65,65
17,66,66
17,67,67
17,68,68
17,69,69
17,70,70
9,75,9
9,76,76
9,77,77
9,78,9
9,79,9
9,80,80
9,81,81
9,82,9
9,83,9
9,84,84
20,31,20
20,32,20
20,33,20
20,34,20
20,35,20
20,36,20
20,37,20
20,38,20
20,39,20
20,40,20
17,31,17
17,32,32
17,33,33
17,34,34
17,35,35
17,36,17
17,37,17
17,38,38
17,39,39
17,40,17
17,91,91
17,92,92
17,93,93
17,94,94
17,95,95
17,96,96
17,97,97
17,98,98
17,99,99
18,19,19
16,33,33
16,34,34
16,35,35
16,36,16
16,37,37
16,38,38
16,39,39
16,40,40
16,41,41
16,42,42
21,33,21
21,34,21
21,35,21
21,36,21
21,37,21
21,38,21
21,39,21
21,40,21
21,41,21
21,42,21
22,36,22
22,37,22
22,38,22
22,39,22
22,40,22
22,41,22
22,42,22
22,43,22
22,44,22
22,45,22
14,50,50
14,51,51
14,52,52
14,53,53
14,54,54
14,55,55
14,56,56
14,57,57
14,58,58
14,59,59
16,43,43
16,44,44
16,45,45
16,46,46
16,47,47
16,48,48
16,49,49
16,50,50
16,51,51
16,52,52
16,53,53
16,54,54
16,55,55
16,56,56
16,57,57
16,58,58
16,59,59
16,60,60
16,61,61
16,62,62
14,90,90
14,91,91
14,92,92
14,93,93
14,94,94
14,95,95
14,96,96
14,97,97
14,98,98
14,99,99
19,50,50
19,51,19
19,52,52
19,53,19
19,54,19
19,55,55
19,56,56
19,57,57
19,58,58
19,59,19
13,45,45
13,46,46
13,47,47
13,48,48
13,49,49
13,50,50
13,51,51
13,52,52
13,53,53
13,54,54
20,61,20
20,62,20
20,63,20
20,64,20
20,65,20
20,66,20
20,67,20
20,68,20
20,69,20
20,70,20
23,80,23
23,81,23
23,82,23
23,83,23
23,84,23
23,85,23
23,86,23
23,87,23
23,88,23
23,89,23
19,90,19
19,91,19
19,92,19
19,93,19
19,94,19
19,95,19
19,96,19
19,97,19
19,98,19
19,99,19
19,70,19
19,71,71
19,72,72
19,73,73
19,74,19
19,75,75
19,76,19
19,77,77
19,78,78
19,79,79
12,91,91
12,92,92
12,93,93
12,94,94
12,95,95
12,96,96
12,97,12
12,98,12
12,99,99
13,14,13
19,80,19
19,81,19
19,82,19
19,83,19
19,84,19
19,85,19
19,86,19
19,87,19
19,88,19
19,89,19
13,95,95
13,96,96
13,97,97
13,98,98
13,99,99
14,15,15
14,16,16
14,17,17
14,18,14
14,19,19
12,61,12
12,62,62
12,63,12
12,64,12
12,65,65
12,66,66
12,67,12
12,68,12
12,69,69
12,70,70
13,15,15
13,16,16
13,17,17
13,18,18
13,19,19
13,20,20
13,21,21
13,22,22
13,23,23
13,24,24
22,26,26
22,27,22
22,28,22
22,29,29
22,30,22
22,31,22
22,32,32
22,33,33
22,34,34
22,35,35
19,60,60
19,61,61
19,62,62
19,63,63
19,64,64
19,65,65
19,66,66
19,67,67
19,68,68
19,69,69
23,60,23
23,61,23
23,62,23
23,63,23
23,64,23
23,65,23
23,66,23
23,67,23
23,68,23
23,69,23
15,16,15
15,17,17
15,18,15
15,19,19
15,20,20
15,21,21
15,22,22
15,23,23
15,24,24
15,25,15
19,40,19
19,41,19
19,42,19
19,43,19
19,44,19
19,45,19
19,46,19
19,47,19
19,48,19
19,49,19
15,86,86
15,87,87
15,88,88
15,89,89
15,90,90
15,91,91
15,92,92
15,93,93
15,94,94
15,95,95
21,53,21
21,54,21
21,55,21
21,56,21
21,57,21
21,58,21
21,59,21
21,60,21
21,61,21
21,62,21
17,41,17
17,42,17
17,43,17
17,44,44
17,45,45
17,46,46
17,47,47
17,48,48
17,49,49
17,50,50
24,25,24
24,26,24
24,27,24
24,28,24
24,29,24
24,30,24
24,31,24
24,32,24
24,33,24
24,34,24
13,25,13
13,26,26
13,27,27
13,28,28
13,29,29
13,30,30
13,31,31
13,32,32
13,33,33
13,34,34
16,23,23
16,24,24
16,25,25
16,26,26
16,27,27
16,28,28
16,29,29
16,30,30
16,31,31
16,32,32
24,45,24
24,46,24
24,47,24
24,48,24
24,49,24
24,50,24
24,51,24
24,52,24
24,53,24
24,54,24
14,40,40
14,41,41
14,42,42
14,43,43
14,44,44
14,45,45
14,46,46
14,47,47
14,48,48
14,49,49
23,90,23
23,91,23
23,92,23
23,93,23
23,94,23
23,95,23
23,96,23
23,97,23
23,98,23
23,99,23
20,51,20
20,52,20
20,53,20
20,54,20
20,55,20
20,56,20
20,57,57
20,58,20
20,59,20
20,60,20
12,41,12
12,42,12
12,43,12
12,44,44
12,45,45
12,46,46
12,47,47
12,48,48
12,49,49
12,50,50
24,35,24
24,36,24
24,37,24
24,38,24
24,39,24
24,40,24
24,41,24
24,42,24
24,43,24
24,44,24
16,83,83
16,84,84
16,85,85
16,86,86
16,87,87
16,88,88
16,89,89
16,90,90
16,91,91
16,92,92
21,83,21
21,84,21
21,85,21
21,86,21
21,87,21
21,88,21
21,89,21
21,90,21
21,91,21
21,92,21
19,30,19
19,31,19
19,32,19
19,33,19
19,34,19
19,35,19
19,36,19
19,37,19
19,38,19
19,39,19
18,30,30
18,31,31
18,32,32
18,33,33
18,34,34
18,35,35
18,36,36
18,37,37
18,38,38
18,39,39
18,80,80
18,81,81
18,82,82
18,83,83
18,84,84
18,85,85
18,86,86
18,87,87
18,88,88
18,89,89
14,30,30
14,31,31
14,32,32
14,33,33
14,34,34
14,35,35
14,36,36
14,37,37
14,38,38
14,39,39
7,26,26
7,27,27
7,28,28
7,29,29
7,30,30
7,31,31
7,32,32
7,33,33
7,34,34
7,35,35
24,85,24
24,86,24
24,87,24
24,88,24
24,89,24
24,90,24
24,91,24
24,92,24
24,93,24
24,94,24
14,20,20
14,21,21
14,22,22
14,23,23
14,24,24
14,25,25
14,26,26
14,27,27
14,28,28
14,29,29
22,56,22
22,57,57
22,58,58
22,59,22
22,60,60
22,61,22
22,62,62
22,63,63
22,64,64
22,65,65
22,46,22
22,47,22
22,48,48
22,49,49
22,50,50
22,51,22
22,52,52
22,53,22
22,54,22
22,55,55
23,50,23
23,51,51
23,52,23
23,53,23
23,54,23
23,55,23
23,56,23
23,57,23
23,58,23
23,59,23
26,78,26
26,79,26
26,80,26
26,81,26
26,82,26
26,83,26
26,84,26
26,85,26
26,86,26
26,87,26
16,93,93
16,94,94
16,95,95
16,96,96
16,97,97
16,98,98
16,99,99
17,18,17
17,19,19
17,20,20
26,58,26
26,59,26
26,60,26
26,61,26
26,62,26
26,63,26
26,64,26
26,65,26
26,66,26
26,67,26
22,86,22
22,87,22
22,88,22
22,89,22
22,90,22
22,91,22
22,92,22
22,93,22
22,94,22
22,95,22
15,46,46
15,47,47
15,48,48
15,49,49
15,50,50
15,51,51
15,52,52
15,53,53
15,54,15
15,55,55
17,51,17
17,52,52
17,53,17
17,54,17
17,55,55
17,56,56
17,57,57
17,58,58
17,59,17
17,60,60
26,38,26
26,39,26
26,40,26
26,41,26
26,42,26
26,43,26
26,44,26
26,45,26
26,46,26
26,47,26
20,41,20
20,42,20
20,43,20
20,44,20
20,45,20
20,46,20
20,47,20
20,48,20
20,49,20
20,50,20
20,71,20
20,72,72
20,73,73
20,74,20
20,75,75
20,76,20
20,77,20
20,78,20
20,79,79
20,80,20
15,36,15
15,37,15
15,38,38
15,39,39
15,40,15
15,41,15
15,42,15
15,43,15
15,44,44
15,45,45
21,23,21
21,24,21
21,25,21
21,26,21
21,27,21
21,28,21
21,29,21
21,30,21
21,31,21
21,32,21
18,20,20
18,21,21
18,22,22
18,23,23
18,24,24
18,25,25
18,26,26
18,27,27
18,28,28
18,29,29
26,28,26
26,29,26
26,30,26
26,31,26
26,32,26
26,33,26
26,34,26
26,35,26
26,36,26
26,37,26
18,40,40
18,41,41
18,42,42
18,43,43
18,44,44
18,45,45
18,46,46
18,47,47
18,48,48
18,49,49
27,56,56
27,57,57
27,58,58
27,59,59
27,60,60
27,61,61
27,62,62
27,63,63
27,64,64
27,65,65
25,61,61
25,62,62
25,63,63
25,64,64
25,65,65
25,66,66
25,67,67
25,68,68
25,69,69
25,70,70
24,95,24
24,96,24
24,97,24
24,98,24
24,99,24
25,26,26
25,27,25
25,28,28
25,29,29
25,30,30
22,76,22
22,77,22
22,78,22
22,79,22
22,80,22
22,81,22
22,82,82
22,83,83
22,84,22
22,85,22
26,88,26
26,89,26
26,90,26
26,91,26
26,92,26
26,93,26
26,94,26
26,95,26
26,96,26
26,97,26
22,96,22
22,97,22
22,98,22
22,99,22
23,24,23
23,25,23
23,26,23
23,27,23
23,28,23
23,29,23
23,70,23
23,71,23
23,72,23
23,73,23
23,74,23
23,75,23
23,76,23
23,77,23
23,78,23
23,79,23
13,85,85
13,86,86
13,87,87
13,88,88
13,89,89
13,90,90
13,91,91
13,92,92
13,93,93
13,94,94
24,75,24
24,76,24
24,77,24
24,78,24
24,79,24
24,80,24
24,81,24
24,82,24
24,83,24
24,84,24
25,51,51
25,52,52
25,53,53
25,54,54
25,55,55
25,56,56
25,57,57
25,58,58
25,59,59
25,60,60
24,65,24
24,66,24
24,67,24
24,68,24
24,69,24
24,70,24
24,71,24
24,72,24
24,73,24
24,74,24
14,70,70
14,71,71
14,72,72
14,73,73
14,74,74
14,75,75
14,76,14
14,77,77
14,78,78
14,79,79
15,26,26
15,27,15
15,28,28
15,29,29
15,30,30
15,31,31
15,32,32
15,33,33
15,34,34
15,35,35
26,98,26
26,99,26
27,28,28
27,29,29
27,30,30
27,31,31
27,32,32
27,33,33
27,34,34
27,35,35
29,45,29
29,46,29
29,47,29
29,48,29
29,49,29
29,50,29
29,51,29
29,52,29
29,53,29
29,54,29
30,86,86
30,87,87
30,88,88
30,89,89
30,90,90
30,91,91
30,92,92
30,93,93
30,94,94
30,95,95
22,66,66
22,67,67
22,68,68
22,69,69
22,70,70
22,71,71
22,72,72
22,73,73
22,74,22
22,75,75
27,86,86
27,87,87
27,88,88
27,89,89
27,90,90
27,91,91
27,92,92
27,93,93
27,94,94
27,95,95
18,90,18
18,91,91
18,92,92
18,93,93
18,94,94
18,95,95
18,96,96
18,97,18
18,98,98
18,99,99
28,75,75
28,76,28
28,77,28
28,78,78
28,79,79
28,80,28
28,81,28
28,82,82
28,83,83
28,84,84
29,85,29
29,86,29
29,87,29
29,88,29
29,89,29
29,90,29
29,91,29
29,92,29
29,93,29
29,94,29
26,68,26
26,69,69
26,70,70
26,71,71
26,72,72
26,73,73
26,74,26
26,75,75
26,76,26
26,77,26
29,35,29
29,36,29
29,37,29
29,38,29
29,39,29
29,40,29
29,41,29
29,42,29
29,43,29
29,44,29
21,93,21
21,94,94
21,95,95
21,96,21
21,97,21
21,98,21
21,99,21
22,23,23
22,24,24
22,25,22
27,66,66
27,67,67
27,68,68
27,69,69
27,70,70
27,71,71
27,72,72
27,73,73
27,74,74
27,75,75
33,45,33
33,46,33
33,47,33
33,48,33
33,49,33
33,50,33
33,51,33
33,52,33
33,53,33
33,54,33
24,55,24
24,56,24
24,57,24
24,58,24
24,59,24
24,60,24
24,61,24
24,62,24
24,63,24
24,64,24
32,81,32
32,82,32
32,83,32
32,84,32
32,85,32
32,86,32
32,87,32
32,88,32
32,89,32
32,90,32
30,66,66
30,67,67
30,68,68
30,69,69
30,70,70
30,71,71
30,72,72
30,73,73
30,74,74
30,75,75
28,65,65
28,66,66
28,67,67
28,68,68
28,69,69
28,70,70
28,71,71
28,72,72
28,73,73
28,74,28
31,68,68
31,69,69
31,70,70
31,71,71
31,72,72
31,73,73
31,74,74
31,75,75
31,76,76
31,77,77
29,75,75
29,76,29
29,77,29
29,78,78
29,79,79
29,80,29
29,81,29
29,82,82
29,83,83
29,84,29
26,48,26
26,49,26
26,50,26
26,51,26
26,52,26
26,53,26
26,54,26
26,55,26
26,56,26
26,57,26
15,96,96
15,97,15
15,98,15
15,99,99
16,17,17
16,18,16
16,19,19
16,20,20
16,21,21
16,22,22
18,70,70
18,71,71
18,72,72
18,73,73
18,74,18
18,75,75
18,76,18
18,77,18
18,78,78
18,79,79
34,90,34
34,91,34
34,92,34
34,93,34
34,94,34
34,95,34
34,96,34
34,97,34
34,98,34
34,99,34
28,45,45
28,46,46
28,47,47
28,48,48
28,49,49
28,50,50
28,51,28
28,52,52
28,53,28
28,54,28
31,58,58
31,59,59
31,60,60
31,61,61
31,62,62
31,63,63
31,64,64
31,65,65
31,66,66
31,67,67
35,36,35
35,37,35
35,38,35
35,39,35
35,40,35
35,41,35
35,42,35
35,43,35
35,44,35
35,45,35
30,36,30
30,37,30
30,38,30
30,39,39
30,40,30
30,41,30
30,42,30
30,43,30
30,44,44
30,45,45
30,56,56
30,57,57
30,58,58
30,59,59
30,60,60
30,61,61
30,62,62
30,63,63
30,64,64
30,65,65
34,80,34
34,81,34
34,82,34
34,83,34
34,84,34
34,85,34
34,86,34
34,87,34
34,88,34
34,89,34
34,40,34
34,41,34
34,42,34
34,43,34
34,44,34
34,45,34
34,46,34
34,47,34
34,48,34
34,49,34
37,61,61
37,62,62
37,63,63
37,64,64
37,65,65
37,66,66
37,67,67
37,68,68
37,69,69
37,70,70
28,55,55
28,56,56
28,57,57
28,58,58
28,59,28
28,60,60
28,61,28
28,62,62
28,63,63
28,64,64
32,71,71
32,72,72
32,73,73
32,74,32
32,75,75
32,76,32
32,77,32
32,78,78
32,79,79
32,80,32
29,95,29
29,96,29
29,97,29
29,98,29
29,99,29
30,31,30
30,32,32
30,33,33
30,34,34
30,35,35
34,60,60
34,61,61
34,62,62
34,63,63
34,64,64
34,65,65
34,66,66
34,67,67
34,68,68
34,69,69
31,78,78
31,79,79
31,80,80
31,81,81
31,82,82
31,83,83
31,84,84
31,85,85
31,86,86
31,87,87
39,80,39
39,81,39
39,82,39
39,83,39
39,84,39
39,85,39
39,86,39
39,87,39
39,88,39
39,89,39
36,63,63
36,64,64
36,65,65
36,66,66
36,67,67
36,68,68
36,69,69
36,70,70
36,71,71
36,72,72
33,55,55
33,56,56
33,57,57
33,58,58
33,59,33
33,60,60
33,61,33
33,62,62
33,63,63
33,64,64
28,85,85
28,86,86
28,87,87
28,88,88
28,89,89
28,90,28
28,91,91
28,92,28
28,93,93
28,94,94
29,55,55
29,56,56
29,57,57
29,58,58
29,59,29
29,60,60
29,61,29
29,62,62
29,63,63
29,64,64
36,53,53
36,54,54
36,55,55
36,56,56
36,57,57
36,58,58
36,59,59
36,60,60
36,61,61
36,62,62
32,61,32
32,62,32
32,63,32
32,64,32
32,65,32
32,66,32
32,67,32
32,68,32
32,69,32
32,70,32
33,65,65
33,66,66
33,67,67
33,68,68
33,69,69
33,70,70
33,71,71
33,72,72
33,73,73
33,74,33
40,61,61
40,62,62
40,63,63
40,64,64
40,65,65
40,66,66
40,67,67
40,68,68
40,69,69
40,70,70
16,73,73
16,74,74
16,75,75
16,76,16
16,77,77
16,78,78
16,79,79
16,80,16
16,81,81
16,82,82
30,76,30
30,77,30
30,78,78
30,79,79
30,80,30
30,81,30
30,82,82
30,83,83
30,84,84
30,85,85
30,46,46
30,47,47
30,48,48
30,49,49
30,50,50
30,51,51
30,52,52
30,53,53
30,54,30
30,55,55
38,40,38
38,41,38
38,42,38
38,43,38
38,44,38
38,45,38
38,46,38
38,47,38
38,48,38
38,49,38
39,40,39
39,41,39
39,42,39
39,43,39
39,44,39
39,45,39
39,46,39
39,47,39
39,48,39
39,49,39
39,90,39
39,91,39
39,92,39
39,93,39
39,94,39
39,95,39
39,96,39
39,97,39
39,98,39
39,99,39
36,93,93
36,94,94
36,95,95
36,96,96
36,97,97
36,98,98
36,99,99
37,38,38
37,39,39
37,40,40
28,35,35
28,36,28
28,37,28
28,38,38
28,39,39
28,40,28
28,41,28
28,42,28
28,43,28
28,44,44
25,31,31
25,32,32
25,33,33
25,34,34
25,35,35
25,36,25
25,37,25
25,38,38
25,39,39
25,40,40
25,71,71
25,72,72
25,73,73
25,74,74
25,75,75
25,76,76
25,77,77
25,78,78
25,79,79
25,80,80
21,63,21
21,64,64
21,65,65
21,66,66
21,67,67
21,68,68
21,69,69
21,70,70
21,71,71
21,72,72
37,81,81
37,82,82
37,83,83
37,84,84
37,85,85
37,86,86
37,87,87
37,88,88
37,89,89
37,90,37
38,90,38
38,91,38
38,92,38
38,93,38
38,94,38
38,95,38
38,96,38
38,97,38
38,98,38
38,99,38
41,63,63
41,64,64
41,65,65
41,66,66
41,67,67
41,68,68
41,69,69
41,70,70
41,71,71
41,72,72
32,91,32
32,92,32
32,93,32
32,94,32
32,95,32
32,96,32
32,97,32
32,98,32
32,99,32
33,34,33
31,48,48
31,49,49
31,50,50
31,51,51
31,52,52
31,53,53
31,54,54
31,55,55
31,56,56
31,57,57
28,95,95
28,96,96
28,97,28
28,98,28
28,99,99
29,30,29
29,31,29
29,32,32
29,33,33
29,34,34
34,70,70
34,71,71
34,72,72
34,73,73
34,74,34
34,75,75
34,76,34
34,77,34
34,78,78
34,79,79
27,46,46
27,47,47
27,48,48
27,49,49
27,50,50
27,51,51
27,52,52
27,53,53
27,54,54
27,55,55
35,66,66
35,67,67
35,68,68
35,69,69
35,70,70
35,71,71
35,72,72
35,73,73
35,74,35
35,75,75
31,98,31
31,99,99
32,33,32
32,34,32
32,35,35
32,36,32
32,37,32
32,38,32
32,39,32
32,40,32
34,50,50
34,51,34
34,52,52
34,53,34
34,54,34
34,55,55
34,56,56
34,57,57
34,58,58
34,59,34
40,71,71
40,72,72
40,73,73
40,74,74
40,75,75
40,76,76
40,77,77
40,78,78
40,79,79
40,80,80
44,45,44
44,46,44
44,47,44
44,48,44
44,49,44
44,50,44
44,51,44
44,52,44
44,53,44
44,54,44
38,80,38
38,81,38
38,82,38
38,83,38
38,84,38
38,85,38
38,86,38
38,87,38
38,88,38
38,89,38
33,95,95
33,96,96
33,97,33
33,98,33
33,99,99
34,35,35
34,36,34
34,37,34
34,38,38
34,39,39
33,35,35
33,36,33
33,37,33
33,38,38
33,39,39
33,40,33
33,41,33
33,42,33
33,43,33
33,44,44
32,51,32
32,52,52
32,53,32
32,54,32
32,55,55
32,56,56
32,57,57
32,58,58
32,59,32
32,60,60
43,80,80
43,81,81
43,82,82
43,83,83
43,84,84
43,85,85
43,86,86
43,87,87
43,88,88
43,89,89
25,41,41
25,42,42
25,43,43
25,44,44
25,45,45
25,46,46
25,47,47
25,48,48
25,49,49
25,50,50
30,96,96
30,97,30
30,98,30
30,99,99
31,32,32
31,33,33
31,34,34
31,35,35
31,36,31
31,37,37
35,86,86
35,87,87
35,88,88
35,89,89
35,90,35
35,91,91
35,92,35
35,93,93
35,94,94
35,95,95
31,38,38
31,39,39
31,40,40
31,41,41
31,42,31
31,43,31
31,44,44
31,45,45
31,46,46
31,47,47
36,83,83
36,84,84
36,85,85
36,86,86
36,87,87
36,88,88
36,89,89
36,90,90
36,91,91
36,92,92
38,70,70
38,71,71
38,72,72
38,73,73
38,74,38
38,75,75
38,76,38
38,77,38
38,78,78
38,79,79
33,75,75
33,76,33
33,77,33
33,78,33
33,79,79
33,80,33
33,81,33
33,82,82
33,83,83
33,84,33
27,96,96
27,97,97
27,98,98
27,99,99
28,29,29
28,30,30
28,31,31
28,32,32
28,33,33
28,34,34
44,85,44
44,86,44
44,87,44
44,88,44
44,89,44
44,90,44
44,91,44
44,92,44
44,93,44
44,94,44
39,50,39
39,51,39
39,52,39
39,53,39
39,54,39
39,55,39
39,56,39
39,57,39
39,58,39
39,59,39
41,83,83
41,84,84
41,85,85
41,86,86
41,87,87
41,88,88
41,89,89
41,90,90
41,91,91
41,92,92
42,96,96
42,97,97
42,98,98
42,99,99
43,44,44
43,45,45
43,46,46
43,47,47
43,48,48
43,49,49
43,60,60
43,61,61
43,62,62
43,63,63
43,64,64
43,65,65
43,66,66
43,67,67
43,68,68
43,69,69
31,88,88
31,89,89
31,90,90
31,91,91
31,92,92
31,93,93
31,94,94
31,95,95
31,96,96
31,97,97
41,43,43
41,44,44
41,45,45
41,46,46
41,47,47
41,48,48
41,49,49
41,50,50
41,51,51
41,52,52
40,81,81
40,82,82
40,83,83
40,84,84
40,85,85
40,86,86
40,87,87
40,88,88
40,89,89
40,90,90
27,76,76
27,77,77
27,78,78
27,79,79
27,80,80
27,81,81
27,82,82
27,83,83
27,84,84
27,85,85
35,46,35
35,47,35
35,48,35
35,49,35
35,50,35
35,51,35
35,52,35
35,53,35
35,54,35
35,55,35
27,36,27
27,37,37
27,38,38
27,39,39
27,40,40
27,41,41
27,42,42
27,43,43
27,44,44
27,45,45
25,81,25
25,82,82
25,83,83
25,84,84
25,85,85
25,86,86
25,87,87
25,88,88
25,89,89
25,90,90
35,56,56
35,57,57
35,58,58
35,59,35
35,60,60
35,61,35
35,62,62
35,63,63
35,64,64
35,65,65
32,41,32
32,42,32
32,43,32
32,44,32
32,45,32
32,46,32
32,47,32
32,48,48
32,49,49
32,50,50
35,76,35
35,77,35
35,78,35
35,79,35
35,80,35
35,81,35
35,82,35
35,83,35
35,84,35
35,85,35
25,91,91
25,92,92
25,93,93
25,94,94
25,95,95
25,96,96
25,97,25
25,98,98
25,99,99
26,27,26
37,51,37
37,52,52
37,53,53
37,54,37
37,55,55
37,56,56
37,57,57
37,58,58
37,59,59
37,60,60
37,41,41
37,42,42
37,43,43
37,44,44
37,45,45
37,46,46
37,47,47
37,48,48
37,49,49
37,50,50
46,68,46
46,69,46
46,70,46
46,71,46
46,72,46
46,73,46
46,74,46
46,75,46
46,76,46
46,77,46
38,60,60
38,61,38
38,62,62
38,63,38
38,64,38
38,65,65
38,66,38
38,67,38
38,68,38
38,69,69
49,85,49
49,86,49
49,87,49
49,88,49
49,89,49
49,90,49
49,91,49
49,92,49
49,93,49
49,94,49
48,65,48
48,66,48
48,67,48
48,68,48
48,69,48
48,70,48
48,71,48
48,72,48
48,73,48
48,74,48
33,85,33
33,86,33
33,87,33
33,88,33
33,89,89
33,90,33
33,91,91
33,92,33
33,93,93
33,94,94
42,66,66
42,67,67
42,68,68
42,69,69
42,70,70
42,71,71
42,72,72
42,73,73
42,74,74
42,75,75
40,51,40
40,52,52
40,53,53
40,54,40
40,55,55
40,56,56
40,57,57
40,58,58
40,59,59
40,60,60
45,71,71
45,72,72
45,73,73
45,74,45
45,75,75
45,76,45
45,77,77
45,78,78
45,79,79
45,80,45
29,65,29
29,66,29
29,67,29
29,68,68
29,69,69
29,70,70
29,71,71
29,72,72
29,73,73
29,74,29
43,90,43
43,91,91
43,92,92
43,93,93
43,94,94
43,95,95
43,96,96
43,97,97
43,98,98
43,99,99
52,81,52
52,82,52
52,83,52
52,84,52
52,85,52
52,86,52
52,87,52
52,88,52
52,89,52
52,90,52
44,75,44
44,76,44
44,77,44
44,78,44
44,79,44
44,80,44
44,81,44
44,82,44
44,83,44
44,84,44
44,65,44
44,66,44
44,67,44
44,68,44
44,69,44
44,70,44
44,71,71
44,72,72
44,73,73
44,74,44
40,41,40
40,42,40
40,43,40
40,44,44
40,45,45
40,46,46
40,47,47
40,48,48
40,49,49
40,50,50
39,60,39
39,61,39
39,62,39
39,63,39
39,64,39
39,65,39
39,66,39
39,67,39
39,68,39
39,69,39
45,51,45
45,52,52
45,53,45
45,54,45
45,55,55
45,56,56
45,57,57
45,58,58
45,59,45
45,60,60
43,70,70
43,71,71
43,72,72
43,73,73
43,74,74
43,75,75
43,76,76
43,77,77
43,78,78
43,79,79
46,48,46
46,49,46
46,50,46
46,51,46
46,52,46
46,53,46
46,54,46
46,55,46
46,56,46
46,57,46
36,43,43
36,44,44
36,45,45
36,46,46
36,47,47
36,48,48
36,49,49
36,50,50
36,51,51
36,52,52
49,75,49
49,76,49
49,77,49
49,78,49
49,79,49
49,80,49
49,81,49
49,82,49
49,83,49
49,84,49
45,81,45
45,82,82
45,83,83
45,84,45
45,85,45
45,86,86
45,87,87
45,88,88
45,89,89
45,90,45
48,85,48
48,86,48
48,87,48
48,88,48
48,89,48
48,90,48
48,91,48
48,92,48
48,93,48
48,94,48
39,70,39
39,71,71
39,72,72
39,73,73
39,74,39
39,75,75
39,76,39
39,77,39
39,78,78
39,79,79
41,53,53
41,54,41
41,55,55
41,56,56
41,57,57
41,58,58
41,59,59
41,60,60
41,61,61
41,62,62
40,91,91
40,92,92
40,93,93
40,94,94
40,95,95
40,96,96
40,97,97
40,98,98
40,99,99
41,42,42
46,98,46
46,99,46
47,48,48
47,49,49
47,50,50
47,51,47
47,52,52
47,53,47
47,54,47
47,55,55
49,55,49
49,56,49
49,57,49
49,58,49
49,59,49
49,60,49
49,61,49
49,62,49
49,63,49
49,64,49
49,95,49
49,96,49
49,97,49
49,98,49
49,99,49
50,51,50
50,52,50
50,53,50
50,54,50
50,55,50
42,46,46
42,47,47
42,48,48
42,49,49
42,50,50
42,51,51
42,52,52
42,53,53
42,54,54
42,55,55
42,56,56
42,57,57
42,58,58
42,59,59
42,60,60
42,61,61
42,62,62
42,63,63
42,64,64
42,65,65
52,71,52
52,72,52
52,73,52
52,74,52
52,75,52
52,76,52
52,77,52
52,78,52
52,79,52
52,80,52
37,91,91
37,92,92
37,93,93
37,94,94
37,95,95
37,96,96
37,97,97
37,98,98
37,99,99
38,39,39
45,61,61
45,62,62
45,63,63
45,64,64
45,65,65
45,66,66
45,67,67
45,68,68
45,69,69
45,70,70
50,86,50
50,87,50
50,88,50
50,89,50
50,90,50
50,91,50
50,92,50
50,93,50
50,94,50
50,95,50
43,50,50
43,51,51
43,52,52
43,53,53
43,54,54
43,55,55
43,56,56
43,57,57
43,58,58
43,59,59
46,58,46
46,59,46
46,60,46
46,61,46
46,62,46
46,63,46
46,64,46
46,65,46
46,66,46
46,67,46
41,93,93
41,94,94
41,95,95
41,96,96
41,97,97
41,98,98
41,99,99
42,43,43
42,44,44
42,45,45
57,81,57
57,82,57
57,83,57
57,84,57
57,85,57
57,86,57
57,87,57
57,88,57
57,89,57
57,90,57
42,76,76
42,77,77
42,78,78
42,79,79
42,80,80
42,81,81
42,82,82
42,83,83
42,84,84
42,85,85
47,76,47
47,77,47
47,78,47
47,79,47
47,80,47
47,81,47
47,82,47
47,83,47
47,84,47
47,85,47
15,76,15
15,77,15
15,78,15
15,79,15
15,80,15
15,81,15
15,82,15
15,83,15
15,84,15
15,85,15
50,66,50
50,67,50
50,68,50
50,69,50
50,70,50
50,71,50
50,72,50
50,73,50
50,74,50
50,75,50
47,96,47
47,97,47
47,98,47
47,99,47
48,49,48
48,50,48
48,51,48
48,52,48
48,53,48
48,54,48
50,76,50
50,77,50
50,78,50
50,79,50
50,80,50
50,81,50
50,82,50
50,83,50
50,84,50
50,85,50
55,56,55
55,57,55
55,58,55
55,59,55
55,60,55
55,61,55
55,62,55
55,63,55
55,64,55
55,65,55
50,56,50
50,57,50
50,58,50
50,59,50
50,60,50
50,61,50
50,62,50
50,63,50
50,64,50
50,65,50
38,50,50
38,51,38
38,52,52
38,53,38
38,54,38
38,55,55
38,56,56
38,57,57
38,58,58
38,59,38
52,61,52
52,62,52
52,63,52
52,64,52
52,65,52
52,66,52
52,67,52
52,68,52
52,69,52
52,70,52
48,95,48
48,96,48
48,97,48
48,98,48
48,99,48
49,50,49
49,51,49
49,52,49
49,53,49
49,54,49
42,86,86
42,87,87
42,88,88
42,89,89
42,90,90
42,91,91
42,92,92
42,93,93
42,94,94
42,95,95
51,98,51
51,99,51
52,53,52
52,54,52
52,55,52
52,56,52
52,57,52
52,58,52
52,59,52
52,60,52
47,86,86
47,87,87
47,88,47
47,89,89
47,90,47
47,91,47
47,92,47
47,93,93
47,94,94
47,95,95
51,68,68
51,69,69
51,70,70
51,71,71
51,72,72
51,73,73
51,74,74
51,75,75
51,76,76
51,77,77
59,60,60
59,61,61
59,62,62
59,63,63
59,64,64
59,65,65
59,66,66
59,67,67
59,68,68
59,69,69
51,58,58
51,59,59
51,60,60
51,61,61
51,62,62
51,63,63
51,64,64
51,65,65
51,66,66
51,67,67
60,81,60
60,82,60
60,83,60
60,84,60
60,85,60
60,86,60
60,87,60
60,88,60
60,89,60
60,90,60
62,66,62
62,67,62
62,68,62
62,69,62
62,70,62
62,71,62
62,72,62
62,73,62
62,74,62
62,75,62
58,80,58
58,81,58
58,82,58
58,83,58
58,84,58
58,85,58
58,86,58
58,87,58
58,88,58
58,89,58
52,91,52
52,92,52
52,93,52
52,94,52
52,95,52
52,96,52
52,97,52
52,98,52
52,99,52
53,54,53
54,80,80
54,81,81
54,82,82
54,83,83
54,84,84
54,85,85
54,86,86
54,87,87
54,88,88
54,89,89
55,96,55
55,97,55
55,98,55
55,99,55
56,57,56
56,58,56
56,59,56
56,60,56
56,61,56
56,62,56
44,95,44
44,96,44
44,97,44
44,98,44
44,99,44
45,46,46
45,47,47
45,48,48
45,49,49
45,50,50
70,76,70
70,77,70
70,78,70
70,79,70
70,80,70
70,81,70
70,82,70
70,83,70
70,84,70
70,85,70
57,91,57
57,92,57
57,93,57
57,94,57
57,95,57
57,96,57
57,97,57
57,98,57
57,99,57
58,59,58
35,96,35
35,97,35
35,98,35
35,99,35
36,37,37
36,38,38
36,39,39
36,40,40
36,41,36
36,42,36
48,55,48
48,56,48
48,57,48
48,58,48
48,59,48
48,60,48
48,61,48
48,62,48
48,63,48
48,64,48
51,78,78
51,79,79
51,80,80
51,81,81
51,82,82
51,83,83
51,84,84
51,85,85
51,86,86
51,87,87
65,71,65
65,72,65
65,73,65
65,74,65
65,75,65
65,76,65
65,77,65
65,78,65
65,79,65
65,80,65
36,73,73
36,74,74
36,75,75
36,76,76
36,77,77
36,78,78
36,79,79
36,80,80
36,81,81
36,82,82
54,60,60
54,61,61
54,62,62
54,63,63
54,64,64
54,65,65
54,66,66
54,67,67
54,68,68
54,69,69
58,90,58
58,91,58
58,92,58
58,93,58
58,94,58
58,95,58
58,96,58
58,97,58
58,98,58
58,99,58
57,61,57
57,62,57
57,63,57
57,64,57
57,65,57
57,66,57
57,67,57
57,68,57
57,69,57
57,70,57
41,73,73
41,74,74
41,75,75
41,76,76
41,77,77
41,78,78
41,79,79
41,80,80
41,81,81
41,82,82
47,56,56
47,57,57
47,58,58
47,59,47
47,60,60
47,61,47
47,62,62
47,63,63
47,64,64
47,65,65
62,76,62
62,77,62
62,78,62
62,79,62
62,80,62
62,81,62
62,82,62
62,83,62
62,84,62
62,85,62
53,55,55
53,56,56
53,57,57
53,58,58
53,59,59
53,60,60
53,61,61
53,62,62
53,63,63
53,64,64
46,88,46
46,89,46
46,90,46
46,91,46
46,92,46
46,93,46
46,94,94
46,95,95
46,96,46
46,97,46
44,55,55
44,56,44
44,57,44
44,58,44
44,59,44
44,60,44
44,61,44
44,62,62
44,63,44
44,64,44
71,78,71
71,79,71
71,80,71
71,81,71
71,82,71
71,83,71
71,84,71
71,85,71
71,86,71
71,87,71
37,71,71
37,72,72
37,73,73
37,74,74
37,75,75
37,76,37
37,77,77
37,78,78
37,79,79
37,80,80
50,96,50
50,97,50
50,98,50
50,99,50
51,52,52
51,53,53
51,54,54
51,55,55
51,56,56
51,57,57
65,81,65
65,82,65
65,83,65
65,84,65
65,85,65
65,86,65
65,87,65
65,88,65
65,89,65
65,90,65
46,78,46
46,79,46
46,80,46
46,81,46
46,82,82
46,83,83
46,84,46
46,85,46
46,86,86
46,87,87
66,88,66
66,89,66
66,90,66
66,91,66
66,92,66
66,93,66
66,94,66
66,95,66
66,96,66
66,97,66
62,86,62
62,87,62
62,88,62
62,89,62
62,90,62
62,91,62
62,92,62
62,93,62
62,94,62
62,95,62
49,65,49
49,66,49
49,67,49
49,68,49
49,69,49
49,70,49
49,71,49
49,72,49
49,73,73
49,74,49
51,88,88
51,89,89
51,90,90
51,91,91
51,92,92
51,93,93
51,94,94
51,95,95
51,96,96
51,97,97
72,81,72
72,82,72
72,83,72
72,84,72
72,85,72
72,86,72
72,87,72
72,88,72
72,89,72
72,90,72
53,75,75
53,76,53
53,77,53
53,78,78
53,79,79
53,80,53
53,81,53
53,82,82
53,83,83
53,84,53
61,63,63
61,64,64
61,65,65
61,66,66
61,67,67
61,68,68
61,69,69
61,70,70
61,71,71
61,72,72
55,86,55
55,87,55
55,88,55
55,89,55
55,90,55
55,91,55
55,92,55
55,93,55
55,94,55
55,95,55
55,76,55
55,77,55
55,78,55
55,79,55
55,80,55
55,81,55
55,82,82
55,83,83
55,84,55
55,85,85
63,90,63
63,91,63
63,92,63
63,93,63
63,94,63
63,95,63
63,96,63
63,97,63
63,98,63
63,99,63
69,85,69
69,86,69
69,87,69
69,88,69
69,89,69
69,90,69
69,91,69
69,92,69
69,93,69
69,94,69
53,65,65
53,66,66
53,67,67
53,68,68
53,69,69
53,70,70
53,71,71
53,72,72
53,73,73
53,74,53
58,70,70
58,71,71
58,72,72
58,73,73
58,74,58
58,75,75
58,76,58
58,77,58
58,78,78
58,79,79
54,90,90
54,91,91
54,92,92
54,93,93
54,94,94
54,95,95
54,96,96
54,97,97
54,98,98
54,99,99
63,80,63
63,81,63
63,82,63
63,83,63
63,84,63
63,85,63
63,86,63
63,87,63
63,88,63
63,89,63
59,80,80
59,81,59
59,82,82
59,83,83
59,84,84
59,85,85
59,86,86
59,87,87
59,88,88
59,89,89
57,71,57
57,72,57
57,73,57
57,74,57
57,75,57
57,76,57
57,77,57
57,78,57
57,79,57
57,80,57
56,83,83
56,84,56
56,85,56
56,86,86
56,87,87
56,88,88
56,89,89
56,90,56
56,91,91
56,92,56
56,93,56
56,94,94
56,95,95
56,96,96
56,97,56
56,98,56
56,99,56
57,58,57
57,59,57
57,60,57
58,60,60
58,61,61
58,62,62
58,63,63
58,64,64
58,65,65
58,66,66
58,67,67
58,68,68
58,69,69
62,96,62
62,97,62
62,98,62
62,99,62
63,64,63
63,65,63
63,66,63
63,67,63
63,68,63
63,69,63
71,88,71
71,89,71
71,90,71
71,91,71
71,92,71
71,93,71
71,94,71
71,95,71
71,96,71
71,97,71
64,85,64
64,86,64
64,87,64
64,88,64
64,89,64
64,90,64
64,91,64
64,92,64
64,93,64
64,94,64
66,78,66
66,79,66
66,80,66
66,81,66
66,82,66
66,83,66
66,84,66
66,85,66
66,86,66
66,87,66
75,86,75
75,87,75
75,88,75
75,89,75
75,90,75
75,91,75
75,92,75
75,93,75
75,94,75
75,95,75
64,65,64
64,66,64
64,67,64
64,68,64
64,69,64
64,70,64
64,71,64
64,72,64
64,73,64
64,74,64
56,73,73
56,74,56
56,75,75
56,76,56
56,77,56
56,78,78
56,79,79
56,80,56
56,81,56
56,82,82
53,85,85
53,86,86
53,87,87
53,88,88
53,89,89
53,90,53
53,91,91
53,92,92
53,93,93
53,94,94
48,75,75
48,76,48
48,77,48
48,78,48
48,79,79
48,80,48
48,81,48
48,82,82
48,83,83
48,84,48
59,70,70
59,71,71
59,72,72
59,73,73
59,74,74
59,75,75
59,76,76
59,77,77
59,78,78
59,79,79
79,80,79
79,81,79
79,82,79
79,83,79
79,84,79
79,85,79
79,86,79
79,87,79
79,88,79
79,89,79
61,93,93
61,94,94
61,95,95
61,96,96
61,97,97
61,98,98
61,99,99
62,63,63
62,64,64
62,65,65
78,80,78
78,81,78
78,82,78
78,83,78
78,84,78
78,85,78
78,86,78
78,87,78
78,88,78
78,89,78
60,91,60
60,92,60
60,93,60
60,94,60
60,95,60
60,96,60
60,97,60
60,98,60
60,99,60
61,62,62
70,86,70
70,87,70
70,88,70
70,89,70
70,90,70
70,91,70
70,92,70
70,93,70
70,94,70
70,95,70
47,66,66
47,67,67
47,68,68
47,69,69
47,70,70
47,71,71
47,72,72
47,73,73
47,74,47
47,75,75
66,68,68
66,69,69
66,70,70
66,71,71
66,72,72
66,73,73
66,74,66
66,75,75
66,76,66
66,77,66
73,95,73
73,96,73
73,97,73
73,98,73
73,99,73
74,75,75
74,76,74
74,77,74
74,78,78
74,79,79
67,76,67
67,77,67
67,78,67
67,79,67
67,80,67
67,81,67
67,82,67
67,83,67
67,84,67
67,85,67
56,63,63
56,64,64
56,65,65
56,66,66
56,67,67
56,68,68
56,69,69
56,70,70
56,71,71
56,72,72
74,80,80
74,81,81
74,82,82
74,83,83
74,84,84
74,85,85
74,86,86
74,87,87
74,88,88
74,89,89
64,95,64
64,96,64
64,97,64
64,98,64
64,99,64
65,66,65
65,67,65
65,68,65
65,69,65
65,70,65
73,85,73
73,86,73
73,87,73
73,88,73
73,89,73
73,90,73
73,91,73
73,92,73
73,93,73
73,94,73
66,98,66
66,99,66
67,68,67
67,69,69
67,70,70
67,71,71
67,72,72
67,73,73
67,74,67
67,75,75
79,90,79
79,91,79
79,92,79
79,93,79
79,94,79
79,95,79
79,96,79
79,97,79
79,98,79
79,99,79
68,75,75
68,76,76
68,77,77
68,78,78
68,79,79
68,80,80
68,81,81
68,82,82
68,83,83
68,84,84
73,75,73
73,76,73
73,77,73
73,78,73
73,79,73
73,80,73
73,81,73
73,82,73
73,83,73
73,84,73
65,91,65
65,92,65
65,93,65
65,94,65
65,95,65
65,96,65
65,97,65
65,98,65
65,99,65
66,67,66
55,66,55
55,67,55
55,68,55
55,69,69
55,70,55
55,71,71
55,72,72
55,73,73
55,74,55
55,75,75
69,75,69
69,76,69
69,77,69
69,78,69
69,79,69
69,80,69
69,81,69
69,82,69
69,83,69
69,84,69
69,95,69
69,96,69
69,97,69
69,98,69
69,99,69
70,71,70
70,72,70
70,73,70
70,74,70
70,75,70
53,95,95
53,96,96
53,97,97
53,98,98
53,99,99
54,55,55
54,56,56
54,57,57
54,58,58
54,59,59
59,90,90
59,91,91
59,92,92
59,93,93
59,94,94
59,95,95
59,96,96
59,97,97
59,98,98
59,99,99
82,96,82
82,97,82
82,98,82
82,99,82
83,84,83
83,85,83
83,86,83
83,87,83
83,88,83
83,89,83
75,96,75
75,97,75
75,98,75
75,99,75
76,77,77
76,78,78
76,79,79
76,80,80
76,81,81
76,82,82
78,90,78
78,91,78
78,92,78
78,93,78
78,94,94
78,95,95
78,96,96
78,97,78
78,98,78
78,99,99
67,96,67
67,97,67
67,98,67
67,99,67
68,69,69
68,70,70
68,71,71
68,72,72
68,73,73
68,74,68
68,85,68
68,86,68
68,87,68
68,88,68
68,89,68
68,90,68
68,91,68
68,92,68
68,93,68
68,94,68
70,96,70
70,97,70
70,98,70
70,99,70
71,72,71
71,73,71
71,74,71
71,75,71
71,76,71
71,77,71
45,91,91
45,92,45
45,93,45
45,94,94
45,95,45
45,96,45
45,97,45
45,98,45
45,99,45
46,47,47
68,95,68
68,96,96
68,97,68
68,98,68
68,99,68
69,70,70
69,71,71
69,72,69
69,73,73
69,74,69
64,75,64
64,76,64
64,77,64
64,78,64
64,79,79
64,80,64
64,81,64
64,82,82
64,83,83
64,84,64
83,90,83
83,91,83
83,92,83
83,93,83
83,94,83
83,95,83
83,96,83
83,97,83
83,98,83
83,99,83
60,71,71
60,72,72
60,73,73
60,74,60
60,75,75
60,76,60
60,77,60
60,78,78
60,79,79
60,80,60
77,91,91
77,92,92
77,93,93
77,94,94
77,95,95
77,96,96
77,97,97
77,98,98
77,99,99
78,79,79
54,70,70
54,71,71
54,72,72
54,73,73
54,74,74
54,75,75
54,76,76
54,77,77
54,78,78
54,79,79
71,98,71
71,99,71
72,73,72
72,74,72
72,75,72
72,76,72
72,77,72
72,78,72
72,79,72
72,80,72
82,86,82
82,87,82
82,88,82
82,89,82
82,90,82
82,91,82
82,92,82
82,93,82
82,94,82
82,95,82
93,95,93
93,96,93
93,97,93
93,98,93
93,99,93
94,95,94
94,96,94
94,97,94
94,98,94
94,99,94
86,98,86
86,99,86
87,88,87
87,89,87
87,90,87
87,91,87
87,92,87
87,93,87
87,94,87
87,95,95
85,91,91
85,92,85
85,93,93
85,94,94
85,95,95
85,96,96
85,97,85
85,98,85
85,99,99
86,87,86
89,95,89
89,96,89
89,97,89
89,98,89
89,99,89
90,91,91
90,92,92
90,93,93
90,94,94
90,95,95
60,61,60
60,62,62
60,63,63
60,64,64
60,65,65
60,66,60
60,67,67
60,68,68
60,69,69
60,70,70
88,95,88
88,96,88
88,97,88
88,98,88
88,99,88
89,90,89
89,91,89
89,92,89
89,93,89
89,94,89
75,76,75
75,77,75
75,78,75
75,79,75
75,80,75
75,81,75
75,82,75
75,83,75
75,84,75
75,85,75
81,83,83
81,84,84
81,85,85
81,86,86
81,87,87
81,88,88
81,89,89
81,90,90
81,91,91
81,92,92
95,96,95
95,97,95
95,98,95
95,99,95
96,97,96
96,98,96
96,99,96
97,98,97
97,99,99
98,99,99
61,73,73
61,74,61
61,75,75
61,76,61
61,77,61
61,78,78
61,79,79
61,80,61
61,81,61
61,82,82
81,93,93
81,94,94
81,95,95
81,96,96
81,97,97
81,98,98
81,99,99
82,83,82
82,84,82
82,85,82
74,90,74
74,91,91
74,92,92
74,93,93
74,94,94
74,95,95
74,96,96
74,97,74
74,98,98
74,99,99
76,93,93
76,94,94
76,95,95
76,96,96
76,97,97
76,98,98
76,99,99
77,78,78
77,79,79
77,80,80
77,81,81
77,82,82
77,83,83
77,84,84
77,85,85
77,86,86
77,87,87
77,88,88
77,89,89
77,90,90
67,86,86
67,87,87
67,88,88
67,89,89
67,90,67
67,91,91
67,92,67
67,93,93
67,94,94
67,95,95
80,91,91
80,92,92
80,93,93
80,94,94
80,95,95
80,96,96
80,97,97
80,98,98
80,99,99
81,82,82
63,70,70
63,71,71
63,72,72
63,73,73
63,74,63
63,75,75
63,76,63
63,77,63
63,78,78
63,79,79
72,91,72
72,92,72
72,93,72
72,94,72
72,95,72
72,96,72
72,97,72
72,98,72
72,99,72
73,74,73
91,98,91
91,99,91
92,93,93
92,94,94
92,95,95
92,96,96
92,97,92
92,98,92
92,99,99
93,94,94
84,85,85
84,86,86
84,87,87
84,88,88
84,89,89
84,90,84
84,91,91
84,92,84
84,93,93
84,94,94
76,83,83
76,84,84
76,85,85
76,86,86
76,87,87
76,88,88
76,89,89
76,90,90
76,91,91
76,92,92
61,83,83
61,84,84
61,85,85
61,86,86
61,87,87
61,88,88
61,89,89
61,90,61
61,91,91
61,92,92
87,96,87
87,97,87
87,98,87
87,99,87
88,89,89
88,90,88
88,91,88
88,92,88
88,93,93
88,94,94
84,95,95
84,96,96
84,97,84
84,98,84
84,99,99
85,86,86
85,87,87
85,88,88
85,89,89
85,90,85
80,81,80
80,82,82
80,83,83
80,84,84
80,85,85
80,86,86
80,87,87
80,88,88
80,89,89
80,90,90
86,88,88
86,89,89
86,90,86
86,91,91
86,92,86
86,93,93
86,94,94
86,95,95
86,96,96
86,97,86
90,96,96
90,97,97
90,98,98
90,99,99
91,92,91
91,93,91
91,94,94
91,95,95
91,96,96
91,97,91
